run_id,timestamp,dataset_fingerprint,embedding,embedding_paradigm,embedding_rationale,classifier,f1_macro,f1_macro_std,f1_weighted,f1_weighted_std,accuracy,accuracy_std,precision_macro,precision_macro_std,recall_macro,recall_macro_std,roc_auc,roc_auc_std,best_params
20260327_073254,2026-03-27T07:33:31,d1fc34debe185c1b,distilbert-base-uncased,Transformer encoder,Baseline encoder ligero derivado de BERT. Se incluye para medir si un encoder generalista y barato basta para separar asuntos phishing frente a modelos contrastivos o instruction-tuned mucho mas costosos.,logistic_regression,0.8768556098882062,0.0319700504675734,0.9828121269633912,0.0043481559682683,0.9837491863744848,0.0041086915011887,0.9290832086343144,0.0447503683004248,0.8415124285520289,0.0438711227550681,0.9551246558769428,0.0179069573333817,"{""classifier__C"": 0.1, ""classifier__class_weight"": ""balanced"", ""classifier__solver"": ""lbfgs""}"
20260327_073254,2026-03-27T07:33:49,d1fc34debe185c1b,distilbert-base-uncased,Transformer encoder,Baseline encoder ligero derivado de BERT. Se incluye para medir si un encoder generalista y barato basta para separar asuntos phishing frente a modelos contrastivos o instruction-tuned mucho mas costosos.,svm_linear,0.8704637148613468,0.0527043253145707,0.982577049809106,0.0066196754147894,0.9842310810656496,0.0055587243755731,0.9593296042691624,0.0417205898089357,0.8177562096465563,0.0638461169883644,0.9730384985741268,0.0074614388393567,"{""classifier__C"": 0.01, ""classifier__class_weight"": null}"
20260327_073254,2026-03-27T07:35:01,d1fc34debe185c1b,distilbert-base-uncased,Transformer encoder,Baseline encoder ligero derivado de BERT. Se incluye para medir si un encoder generalista y barato basta para separar asuntos phishing frente a modelos contrastivos o instruction-tuned mucho mas costosos.,svm_rbf,0.8472762707115502,0.0485274059304058,0.9799038216163736,0.0057536305527401,0.9823172054675634,0.0044194423586565,0.9678896459393576,0.0314373104592739,0.7867537313432835,0.0689984409289261,0.9868611347727864,0.0072161844232957,"{""classifier__C"": 1.0, ""classifier__class_weight"": ""balanced"", ""classifier__gamma"": ""scale""}"
20260327_073254,2026-03-27T07:35:50,d1fc34debe185c1b,distilbert-base-uncased,Transformer encoder,Baseline encoder ligero derivado de BERT. Se incluye para medir si un encoder generalista y barato basta para separar asuntos phishing frente a modelos contrastivos o instruction-tuned mucho mas costosos.,random_forest,0.6808820376635932,0.0542434565321475,0.9618082402558074,0.0056022380836142,0.970843087323429,0.0031543288546915,0.9852928542751196,0.0015463705485837,0.61875,0.0414578098794424,0.9820037915262396,0.0114786854881825,"{""classifier__class_weight"": null, ""classifier__max_depth"": null, ""classifier__max_features"": ""sqrt"", ""classifier__n_estimators"": 200}"
20260327_082658,2026-03-27T08:27:44,d1fc34debe185c1b,sentence-transformers/all-mpnet-base-v2,Sentence-level (contrastive),Strong contrastive sentence embedding baseline with excellent general-purpose semantic performance on short texts.,logistic_regression,0.8579423375793013,0.0481255181844378,0.9804661771518102,0.0066899002656849,0.9818410204291376,0.0063235259623464,0.9259598874710436,0.063681803501675,0.8105136538152908,0.0411098381790804,0.9508687178252656,0.023264520740238,"{""C"": 0.1, ""class_weight"": ""balanced"", ""solver"": ""liblinear""}"
20260327_083002,2026-03-27T08:32:19,d1fc34debe185c1b,sentence-transformers/all-mpnet-base-v2,Sentence-level (contrastive),Strong contrastive sentence embedding baseline with excellent general-purpose semantic performance on short texts.,linear_svc,0.8410413792984851,0.051593059848974,0.9794384323026784,0.006135517970898,0.9823172054675634,0.0046701050432067,0.9909842878448674,0.002347330952276,0.76875,0.0612372435695794,0.9510559022505338,0.0288395125020138,"{""estimator__C"": 0.01}"
20260327_083002,2026-03-27T08:33:13,d1fc34debe185c1b,sentence-transformers/all-mpnet-base-v2,Sentence-level (contrastive),Strong contrastive sentence embedding baseline with excellent general-purpose semantic performance on short texts.,random_forest,0.5778999179146934,0.0626923665413825,0.9514904812381294,0.0060809055975418,0.965585639081431,0.0028380284828599,0.8827306849586766,0.2009145186114356,0.55,0.0375,0.9781507706504696,0.0174156509487911,"{""class_weight"": null, ""max_depth"": 20, ""max_features"": ""sqrt"", ""n_estimators"": 200}"
20260327_085954,2026-03-27T09:00:47,d1fc34debe185c1b,BAAI/bge-m3,Sentence-level (contrastive),Multi-granular and multilingual contrastive embedding chosen for its robustness on heterogeneous short-text inputs.,logistic_regression,0.8372863847641595,0.0638139674359761,0.978213935326868,0.0074847085265905,0.9804067556611208,0.0059152207393278,0.9375171093914644,0.0659095638985715,0.7917618020320235,0.0794192911217329,0.9575016511734132,0.0323778614387062,"{""C"": 1.0, ""class_weight"": ""balanced"", ""solver"": ""lbfgs""}"
20260327_085954,2026-03-27T09:02:58,d1fc34debe185c1b,BAAI/bge-m3,Sentence-level (contrastive),Multi-granular and multilingual contrastive embedding chosen for its robustness on heterogeneous short-text inputs.,linear_svc,0.8025162070327451,0.076568056770365,0.9751492539137152,0.0088067452543004,0.9794509597926254,0.006324054262893,0.9895609040199168,0.0031638590242835,0.73125,0.0829156197588849,0.9434493938496106,0.0259555329782733,"{""estimator__C"": 0.001}"
20260327_085954,2026-03-27T09:04:14,d1fc34debe185c1b,BAAI/bge-m3,Sentence-level (contrastive),Multi-granular and multilingual contrastive embedding chosen for its robustness on heterogeneous short-text inputs.,random_forest,0.5259066681136237,0.0290991446818253,0.9464040179179014,0.0027039204951239,0.9631944365143712,0.0011272503069984,0.7815714015899452,0.2454915202112843,0.51875,0.0153093108923948,0.9737142451514142,0.0256897970635989,"{""class_weight"": null, ""max_depth"": null, ""max_features"": ""sqrt"", ""n_estimators"": 500}"
20260328_031334,2026-03-28T03:14:00,84439e9816e53920,distilbert-base-uncased,Transformer encoder,Lightweight encoder derived from BERT. Included as a low-cost baseline to test whether a generic Transformer encoder is sufficient for short phishing subjects.,logistic_regression,0.9282387857098062,0.007057237862891,0.9283334856056504,0.007065871112681,0.928332438821071,0.00708117108409,0.9283992661344812,0.0071094565482455,0.9283816683048144,0.0067420869295116,0.9792201189374676,0.00295607786778,"{""C"": 0.01, ""class_weight"": ""balanced"", ""solver"": ""lbfgs""}"
20260328_031334,2026-03-28T03:14:23,84439e9816e53920,distilbert-base-uncased,Transformer encoder,Lightweight encoder derived from BERT. Included as a low-cost baseline to test whether a generic Transformer encoder is sufficient for short phishing subjects.,linear_svc,0.9287077372620468,0.0134083544366082,0.9288091265069108,0.0134066421567155,0.9288154754427836,0.0134296642909951,0.9290296058248524,0.0137362799282799,0.9287416026229672,0.0131099850579153,0.9787549616882584,0.0045837974998343,"{""estimator__C"": 0.01}"
20260328_031334,2026-03-28T03:17:00,84439e9816e53920,distilbert-base-uncased,Transformer encoder,Lightweight encoder derived from BERT. Included as a low-cost baseline to test whether a generic Transformer encoder is sufficient for short phishing subjects.,svm_rbf,0.9478226395981888,0.0066280786909847,0.9479104003015928,0.0066225342689528,0.9479245412294024,0.0066319032039926,0.9481921865675208,0.0068292295593193,0.9476510111833104,0.0064408888473746,0.9867765014975554,0.0019608064434534,"{""C"": 10.0, ""class_weight"": null, ""gamma"": ""scale""}"
20260328_031334,2026-03-28T03:17:12,84439e9816e53920,distilbert-base-uncased,Transformer encoder,Lightweight encoder derived from BERT. Included as a low-cost baseline to test whether a generic Transformer encoder is sufficient for short phishing subjects.,sgd_classifier,0.9201133996700394,0.0105594191660471,0.9202148381622448,0.0105545676251021,0.9202201642096128,0.0105657758149122,0.9204634874275208,0.0106102088523224,0.9203203611837256,0.0104300656816272,0.95173119002008,0.0167142904986976,"{""alpha"": 0.0001, ""class_weight"": ""balanced"", ""penalty"": ""elasticnet""}"
20260328_031334,2026-03-28T03:18:04,84439e9816e53920,distilbert-base-uncased,Transformer encoder,Lightweight encoder derived from BERT. Included as a low-cost baseline to test whether a generic Transformer encoder is sufficient for short phishing subjects.,random_forest,0.9155870054438584,0.0099235993298042,0.9157861831359624,0.0099199785727132,0.915909376391728,0.0099570413932502,0.9174817367733972,0.0108396258689029,0.9148943162100864,0.0097183858633307,0.976764858727752,0.0042732697284184,"{""class_weight"": ""balanced"", ""max_depth"": 10, ""max_features"": ""sqrt"", ""n_estimators"": 200}"
20260328_031334,2026-03-28T03:18:52,84439e9816e53920,distilbert-base-uncased,Transformer encoder,Lightweight encoder derived from BERT. Included as a low-cost baseline to test whether a generic Transformer encoder is sufficient for short phishing subjects.,extra_trees,0.9198884818186868,0.0082415991997091,0.9200804143196288,0.0082025071240667,0.920203035251396,0.0081505227052064,0.921692625871418,0.0076167541652763,0.9192135797793956,0.0084198226869086,0.9779935836834768,0.0039697100715022,"{""class_weight"": null, ""max_depth"": null, ""max_features"": ""sqrt"", ""n_estimators"": 500}"
20260328_031334,2026-03-28T03:21:07,84439e9816e53920,distilbert-base-uncased,Transformer encoder,Lightweight encoder derived from BERT. Included as a low-cost baseline to test whether a generic Transformer encoder is sufficient for short phishing subjects.,mlp,0.9367816068995906,0.0117793597433533,0.9369004547092412,0.0117553636111245,0.9369334597069804,0.0117532214052149,0.9373913799397038,0.0118060560740226,0.9364695825563402,0.0117557749783009,0.9821298255071682,0.0046342163158022,"{""alpha"": 0.0001, ""hidden_layer_sizes"": [256, 128], ""learning_rate_init"": 0.001}"
20260328_031334,2026-03-28T03:21:23,84439e9816e53920,distilbert-base-uncased,Transformer encoder,Lightweight encoder derived from BERT. Included as a low-cost baseline to test whether a generic Transformer encoder is sufficient for short phishing subjects.,knn,0.928747918692352,0.0046074821522939,0.9288290092415792,0.0046123205069313,0.9288109077205924,0.0046184539266601,0.928630234481562,0.0045871281633316,0.9290580186366244,0.004482121156302,0.9773079179820886,0.0017286463382228,"{""metric"": ""cosine"", ""n_neighbors"": 15, ""weights"": ""distance""}"
20260328_031334,2026-03-28T03:22:07,84439e9816e53920,sentence-transformers/all-mpnet-base-v2,Sentence-level (contrastive),Strong contrastive sentence embedding baseline with excellent general-purpose semantic performance on short texts.,linear_svc,0.9271595337117736,0.0104461999038526,0.9273135979856202,0.0104439022352929,0.92738463646641,0.0104801679989974,0.9284991036156078,0.0114987884378275,0.926616281909863,0.0101807915303343,0.9774598142874276,0.0055781571951772,"{""estimator__C"": 0.001}"
20260328_031334,2026-03-28T03:24:43,84439e9816e53920,sentence-transformers/all-mpnet-base-v2,Sentence-level (contrastive),Strong contrastive sentence embedding baseline with excellent general-purpose semantic performance on short texts.,svm_rbf,0.9473023625965152,0.0072119132827916,0.9474056076162084,0.0072165950243687,0.9474449303993332,0.0072464393289518,0.9483990233081084,0.0082074783070339,0.94685474060575,0.0068466735974903,0.9860694822213724,0.003033698329778,"{""C"": 10.0, ""class_weight"": null, ""gamma"": ""scale""}"
20260328_031334,2026-03-28T03:24:52,84439e9816e53920,sentence-transformers/all-mpnet-base-v2,Sentence-level (contrastive),Strong contrastive sentence embedding baseline with excellent general-purpose semantic performance on short texts.,sgd_classifier,0.9138433974836764,0.0164180453157357,0.9139774752209572,0.0164122137408877,0.9140057781685718,0.0164348338440111,0.9144267585541014,0.0166822621989703,0.913778266814289,0.0162355308327607,0.9344164458831092,0.0080734593393661,"{""alpha"": 0.0001, ""class_weight"": null, ""penalty"": ""l2""}"
20260328_031334,2026-03-28T03:25:43,84439e9816e53920,sentence-transformers/all-mpnet-base-v2,Sentence-level (contrastive),Strong contrastive sentence embedding baseline with excellent general-purpose semantic performance on short texts.,random_forest,0.915329545457626,0.0112536788839861,0.9155972115630732,0.0112270879635534,0.9159002409473456,0.0112195170864699,0.9202147166019372,0.0119135490109755,0.9141017686148748,0.0111432761709038,0.9744640665696984,0.0032794006218354,"{""class_weight"": ""balanced"", ""max_depth"": null, ""max_features"": ""sqrt"", ""n_estimators"": 200}"
20260328_031334,2026-03-28T03:26:28,84439e9816e53920,sentence-transformers/all-mpnet-base-v2,Sentence-level (contrastive),Strong contrastive sentence embedding baseline with excellent general-purpose semantic performance on short texts.,extra_trees,0.9211404630146128,0.0113681050598684,0.921382681758196,0.0113241257821069,0.9216395838805084,0.0112735813892055,0.9254691767450918,0.0112772103053269,0.9199657477918473,0.011369113546498,0.9778560486726932,0.0029035505934503,"{""class_weight"": null, ""max_depth"": 10, ""max_features"": ""sqrt"", ""n_estimators"": 200}"
20260328_031334,2026-03-28T03:28:25,84439e9816e53920,sentence-transformers/all-mpnet-base-v2,Sentence-level (contrastive),Strong contrastive sentence embedding baseline with excellent general-purpose semantic performance on short texts.,mlp,0.9267957010252104,0.0133886576733372,0.9268894655129578,0.013404008362933,0.9268970321225064,0.0134169227574212,0.9271674732121276,0.0133147119895612,0.9269342498429956,0.0130576036879659,0.9789494601824498,0.0012011775852465,"{""alpha"": 0.0001, ""hidden_layer_sizes"": [256, 128], ""learning_rate_init"": 0.001}"
20260328_031334,2026-03-28T03:28:44,84439e9816e53920,sentence-transformers/all-mpnet-base-v2,Sentence-level (contrastive),Strong contrastive sentence embedding baseline with excellent general-purpose semantic performance on short texts.,knn,0.9344663681049872,0.0121588367409895,0.9345495105797124,0.0121599917188325,0.9345422571399208,0.0121685297960834,0.9344763912307352,0.0121155641290688,0.9346398504394458,0.0119941669392392,0.980948278528636,0.0077151653016623,"{""metric"": ""cosine"", ""n_neighbors"": 5, ""weights"": ""distance""}"
20260328_031334,2026-03-28T03:29:31,84439e9816e53920,hkunlp/instructor-large,Instruction-tuned,"Instruction-aware encoder that injects task information without fine-tuning, which is especially relevant for specialized security classification tasks.",logistic_regression,0.9401865820892074,0.0054352739800543,0.9402751536063492,0.0054315367803291,0.9402781742814404,0.0054367916601885,0.9403070457478646,0.0055193869597813,0.9402019104716024,0.0053661591201171,0.9817551377494826,0.0030997865056081,"{""C"": 0.01, ""class_weight"": ""balanced"", ""solver"": ""liblinear""}"
20260328_031334,2026-03-28T03:29:49,84439e9816e53920,hkunlp/instructor-large,Instruction-tuned,"Instruction-aware encoder that injects task information without fine-tuning, which is especially relevant for specialized security classification tasks.",linear_svc,0.9377429768345522,0.0026482730818728,0.9378565194474298,0.0026575404699892,0.9378858297838326,0.0026711935295419,0.9383082894685912,0.0029886488010189,0.9374589638138964,0.0025076308531039,0.9805361004199192,0.0031518493033169,"{""estimator__C"": 0.01}"
20260328_031334,2026-03-28T03:32:35,84439e9816e53920,hkunlp/instructor-large,Instruction-tuned,"Instruction-aware encoder that injects task information without fine-tuning, which is especially relevant for specialized security classification tasks.",svm_rbf,0.9473140834851614,0.0060221402991379,0.9474152804773496,0.0060079625803866,0.9474483561909764,0.0060027119196013,0.9480738913516208,0.0060688303388842,0.946956333852891,0.0061129256995874,0.9849896561505608,0.0043021770215424,"{""C"": 10.0, ""class_weight"": null, ""gamma"": ""scale""}"
20260328_031334,2026-03-28T03:32:45,84439e9816e53920,hkunlp/instructor-large,Instruction-tuned,"Instruction-aware encoder that injects task information without fine-tuning, which is especially relevant for specialized security classification tasks.",sgd_classifier,0.9181102901254006,0.0150619262797995,0.9182515944592524,0.0150045881325018,0.9182937273755012,0.0149484686055336,0.9186787281813464,0.0145512787943437,0.9180100652890566,0.0153925946209402,0.9368215478762796,0.0066206669250112,"{""alpha"": 0.0001, ""class_weight"": ""balanced"", ""penalty"": ""l2""}"
20260328_031334,2026-03-28T03:33:38,84439e9816e53920,hkunlp/instructor-large,Instruction-tuned,"Instruction-aware encoder that injects task information without fine-tuning, which is especially relevant for specialized security classification tasks.",random_forest,0.9324046937204156,0.0054803005109353,0.9325570065980852,0.005473091850001,0.9326363750556692,0.0054875583862672,0.9338716337888564,0.0060050768719111,0.9317736181282172,0.0053500397104543,0.9817908720907156,0.0053218445854392,"{""class_weight"": null, ""max_depth"": 10, ""max_features"": ""sqrt"", ""n_estimators"": 200}"
20260328_031334,2026-03-28T03:34:23,84439e9816e53920,hkunlp/instructor-large,Instruction-tuned,"Instruction-aware encoder that injects task information without fine-tuning, which is especially relevant for specialized security classification tasks.",extra_trees,0.9400909637401552,0.0078291193434014,0.9402214327262094,0.0078136687736042,0.9402827420036314,0.0078129082199334,0.9413563596213907,0.0080545770454257,0.9395094916713372,0.0077560615509575,0.9848927101233734,0.0049497638552099,"{""class_weight"": ""balanced"", ""max_depth"": 20, ""max_features"": ""sqrt"", ""n_estimators"": 500}"
20260328_031334,2026-03-28T03:36:22,84439e9816e53920,hkunlp/instructor-large,Instruction-tuned,"Instruction-aware encoder that injects task information without fine-tuning, which is especially relevant for specialized security classification tasks.",mlp,0.9468477726030808,0.0057790991210153,0.9469423601785903,0.0057644056039966,0.946964177638716,0.0057495646287866,0.9472982501616456,0.0055268960749303,0.9466164717138632,0.0059614795376219,0.983967962500894,0.0027605979405651,"{""alpha"": 0.0001, ""hidden_layer_sizes"": [512], ""learning_rate_init"": 0.0001}"
20260328_031334,2026-03-28T03:36:54,84439e9816e53920,hkunlp/instructor-large,Instruction-tuned,"Instruction-aware encoder that injects task information without fine-tuning, which is especially relevant for specialized security classification tasks.",knn,0.9392534823511952,0.0041301205858515,0.9393312672818388,0.0041412121434725,0.939322378412945,0.004150025105859,0.9391952548621756,0.0042141808811478,0.9394336739906958,0.0039730659754587,0.9779949312002464,0.0065310828304717,"{""metric"": ""cosine"", ""n_neighbors"": 5, ""weights"": ""distance""}"
20260328_031334,2026-03-28T03:39:09,84439e9816e53920,intfloat/e5-mistral-7b-instruct,Instruction-tuned,Large instruction-tuned embedding model used to test whether LLM-scale representations improve robustness on short adversarial subjects.,logistic_regression,0.9497079525823936,0.0114431724872384,0.9498064237592342,0.0114161215497877,0.9498372748969408,0.0114014371856867,0.9503474661025751,0.0111991488759758,0.9493356120684296,0.0115574620637995,0.9886868377338008,0.0021677244546693,"{""C"": 0.1, ""class_weight"": null, ""solver"": ""lbfgs""}"
20260328_031334,2026-03-28T03:45:45,84439e9816e53920,intfloat/e5-mistral-7b-instruct,Instruction-tuned,Large instruction-tuned embedding model used to test whether LLM-scale representations improve robustness on short adversarial subjects.,linear_svc,0.9506496582890926,0.010786964402046,0.9507520030412436,0.0107582930743494,0.950793070765436,0.0107390808560512,0.9515640578675628,0.0104285078497483,0.9501863680980184,0.010934139654983,0.9884180961782854,0.0025342520016961,"{""estimator__C"": 0.01}"
20260328_031334,2026-03-28T04:13:33,84439e9816e53920,intfloat/e5-mistral-7b-instruct,Instruction-tuned,Large instruction-tuned embedding model used to test whether LLM-scale representations improve robustness on short adversarial subjects.,svm_rbf,0.9472432755674844,0.0112478535146336,0.9473710866486992,0.0112130933731602,0.9474494981215242,0.0111854486498647,0.9490511292161982,0.0109546004859924,0.946479455571487,0.0113192759311028,0.989751486044638,0.0023843713450422,"{""C"": 10.0, ""class_weight"": null, ""gamma"": ""scale""}"
20260328_031334,2026-03-28T04:14:01,84439e9816e53920,intfloat/e5-mistral-7b-instruct,Instruction-tuned,Large instruction-tuned embedding model used to test whether LLM-scale representations improve robustness on short adversarial subjects.,sgd_classifier,0.9396819459273076,0.0077433152106643,0.939785600351796,0.0077319297776697,0.93980427310411,0.0077315709591677,0.9400418946867506,0.0077472490105876,0.939494501132996,0.0077292304849872,0.952214307321828,0.0139343133882266,"{""alpha"": 0.0001, ""class_weight"": ""balanced"", ""penalty"": ""elasticnet""}"
20260328_031334,2026-03-28T04:16:15,84439e9816e53920,intfloat/e5-mistral-7b-instruct,Instruction-tuned,Large instruction-tuned embedding model used to test whether LLM-scale representations improve robustness on short adversarial subjects.,random_forest,0.922586519394838,0.0096811462361708,0.9228238743042008,0.0096115612678953,0.9230784163707164,0.0094659901408278,0.9267516086634148,0.0078311833416506,0.9214515943789052,0.0099027879240773,0.981462191289932,0.0042719341329318,"{""class_weight"": ""balanced"", ""max_depth"": 20, ""max_features"": ""sqrt"", ""n_estimators"": 200}"
20260328_031334,2026-03-28T04:19:03,84439e9816e53920,intfloat/e5-mistral-7b-instruct,Instruction-tuned,Large instruction-tuned embedding model used to test whether LLM-scale representations improve robustness on short adversarial subjects.,extra_trees,0.9201860879550562,0.0103349528197438,0.920430051516718,0.0103050073657596,0.9206917815258476,0.0102646601693468,0.9245737016633564,0.0104086286689097,0.9190119826905668,0.0102935314082502,0.9824603981002914,0.0054994763826335,"{""class_weight"": null, ""max_depth"": 10, ""max_features"": ""sqrt"", ""n_estimators"": 200}"
20260328_031334,2026-03-28T04:28:33,84439e9816e53920,intfloat/e5-mistral-7b-instruct,Instruction-tuned,Large instruction-tuned embedding model used to test whether LLM-scale representations improve robustness on short adversarial subjects.,mlp,0.9434859194763046,0.0093946727636167,0.94359538387119,0.0093632174444989,0.9436274565780908,0.0093469665386616,0.9440981602135444,0.0092397082874078,0.9431374143704948,0.009466707136665,0.9870576036376958,0.0036842242184469,"{""alpha"": 0.0001, ""hidden_layer_sizes"": [256, 128], ""learning_rate_init"": 0.001}"
20260328_031334,2026-03-28T04:30:35,84439e9816e53920,intfloat/e5-mistral-7b-instruct,Instruction-tuned,Large instruction-tuned embedding model used to test whether LLM-scale representations improve robustness on short adversarial subjects.,knn,0.9149399534698338,0.02137094823891,0.9149964541767684,0.0213772128601912,0.9149718514119972,0.0213842626329413,0.9151441561111178,0.0211169413945933,0.9156173878149284,0.0211133961957258,0.9712913933675972,0.0068223607279646,"{""metric"": ""cosine"", ""n_neighbors"": 15, ""weights"": ""distance""}"
20260328_031334,2026-03-28T04:37:42,84439e9816e53920,Salesforce/SFR-Embedding-Mistral,Instruction-tuned,Enterprise-grade Mistral-based embedding model included as a strong industrial instruction-tuned representation baseline.,linear_svc,0.9530803576890262,0.0051073149111209,0.9531622609539204,0.0051015855045048,0.9531819894714004,0.0051023578143238,0.9536319037872631,0.0051302060334873,0.9528615728042048,0.0050581862229734,0.9900197857862558,0.0037081432199302,"{""estimator__C"": 0.001}"
20260328_031334,2026-03-28T04:54:07,84439e9816e53920,Salesforce/SFR-Embedding-Mistral,Instruction-tuned,Enterprise-grade Mistral-based embedding model included as a strong industrial instruction-tuned representation baseline.,svm_rbf,0.9545285795643064,0.0060233409070621,0.9546037348344768,0.0060152170533856,0.9546151123088692,0.006015347623519,0.9548526202198058,0.0060195457327151,0.9543900949901548,0.0059715043550789,0.9907830269482548,0.0034036798543588,"{""C"": 50.0, ""class_weight"": null, ""gamma"": ""scale""}"
20260328_031334,2026-03-28T04:55:33,84439e9816e53920,Salesforce/SFR-Embedding-Mistral,Instruction-tuned,Enterprise-grade Mistral-based embedding model included as a strong industrial instruction-tuned representation baseline.,sgd_classifier,0.9439919597902584,0.0043978124491575,0.944087237300654,0.0043906622445284,0.9441024996859692,0.0043901326468563,0.944302775823167,0.0044176916393035,0.9438183415319228,0.0044157486047612,0.9655835008035004,0.0139520640924439,"{""alpha"": 1e-05, ""class_weight"": null, ""penalty"": ""l2""}"
20260328_031334,2026-03-28T04:57:43,84439e9816e53920,Salesforce/SFR-Embedding-Mistral,Instruction-tuned,Enterprise-grade Mistral-based embedding model included as a strong industrial instruction-tuned representation baseline.,random_forest,0.934818247160888,0.0073151500773525,0.9349557497610302,0.0073001547097609,0.9350252937616336,0.0072743058946118,0.9361360525559012,0.0070851322525266,0.934314405719812,0.0073275899035064,0.9852690375801988,0.0030592267298223,"{""class_weight"": null, ""max_depth"": null, ""max_features"": ""sqrt"", ""n_estimators"": 200}"
20260328_031334,2026-03-28T05:00:29,84439e9816e53920,Salesforce/SFR-Embedding-Mistral,Instruction-tuned,Enterprise-grade Mistral-based embedding model included as a strong industrial instruction-tuned representation baseline.,extra_trees,0.9362517129004748,0.0096878021666274,0.9363879915262416,0.0096456553798634,0.9364629843212936,0.0095710478159657,0.9375828180192488,0.0085510226396096,0.9357751859542424,0.0099498016631251,0.9858063966751204,0.0034800535546962,"{""class_weight"": null, ""max_depth"": 10, ""max_features"": ""sqrt"", ""n_estimators"": 200}"
20260328_031334,2026-03-28T05:11:01,84439e9816e53920,Salesforce/SFR-Embedding-Mistral,Instruction-tuned,Enterprise-grade Mistral-based embedding model included as a strong industrial instruction-tuned representation baseline.,mlp,0.950212039606277,0.013905797881813,0.9502996989273436,0.0138713933926292,0.9503214534492012,0.0138405503299167,0.9506026311257874,0.013424733775286,0.9500355446205349,0.0140975634851053,0.986945542223036,0.0079346650167832,"{""alpha"": 0.0001, ""hidden_layer_sizes"": [256, 128], ""learning_rate_init"": 0.0001}"
20260328_031334,2026-03-28T05:13:00,84439e9816e53920,Salesforce/SFR-Embedding-Mistral,Instruction-tuned,Enterprise-grade Mistral-based embedding model included as a strong industrial instruction-tuned representation baseline.,knn,0.9450271083932382,0.0162316384876875,0.9450853325132268,0.0162170742203656,0.94507085679049,0.0162199738631985,0.9449355612826256,0.0161554137382102,0.9454217815267948,0.0162254675794281,0.9738833349490832,0.0072537092150264,"{""metric"": ""cosine"", ""n_neighbors"": 5, ""weights"": ""distance""}"
20260328_031334,2026-03-28T05:13:43,84439e9816e53920,BAAI/bge-m3,Sentence-level (contrastive),Multi-granular and multilingual contrastive embedding chosen for its robustness on heterogeneous short-text inputs.,logistic_regression,0.937333627470243,0.0110935130401898,0.9374151098343372,0.0111094548092915,0.93741307053705,0.0111264550095829,0.9374784629470656,0.0112407890533916,0.93743728254918,0.0107536285079862,0.982200859768804,0.0051439568560427,"{""C"": 0.01, ""class_weight"": null, ""solver"": ""liblinear""}"
20260328_031334,2026-03-28T05:14:15,84439e9816e53920,BAAI/bge-m3,Sentence-level (contrastive),Multi-granular and multilingual contrastive embedding chosen for its robustness on heterogeneous short-text inputs.,linear_svc,0.9349231341486448,0.0066060732227965,0.9350217327781152,0.0066062827654297,0.9350252937616336,0.0066232448230439,0.9350526688434044,0.0069528130068469,0.93489361468084,0.0063967997577946,0.9835479960555504,0.00356093826426,"{""estimator__C"": 0.001}"
20260328_031334,2026-03-28T05:19:24,84439e9816e53920,BAAI/bge-m3,Sentence-level (contrastive),Multi-granular and multilingual contrastive embedding chosen for its robustness on heterogeneous short-text inputs.,svm_rbf,0.9540362149302142,0.0034838361701216,0.9541171507812164,0.0034782305391405,0.9541355014788,0.0034742594633105,0.9545250935535065,0.0034851618663232,0.9538065332823532,0.0035718260325154,0.987501186040714,0.0034189555744849,"{""C"": 10.0, ""class_weight"": null, ""gamma"": ""scale""}"
20260328_031334,2026-03-28T05:19:34,84439e9816e53920,BAAI/bge-m3,Sentence-level (contrastive),Multi-granular and multilingual contrastive embedding chosen for its robustness on heterogeneous short-text inputs.,sgd_classifier,0.9244101393390576,0.007988274383121,0.9245127634902154,0.0080059152659442,0.9245149649998284,0.0080309854066398,0.9246239286404826,0.0082294862817584,0.924504926910122,0.007675211051711,0.9286474344108524,0.0063480609726128,"{""alpha"": 0.0001, ""class_weight"": ""balanced"", ""penalty"": ""l1""}"
20260328_031334,2026-03-28T05:20:37,84439e9816e53920,BAAI/bge-m3,Sentence-level (contrastive),Multi-granular and multilingual contrastive embedding chosen for its robustness on heterogeneous short-text inputs.,random_forest,0.924094683195798,0.0092497162036359,0.9243085380443606,0.0092292990046869,0.9245012618332554,0.0092159398561185,0.9274593929142688,0.009688416918419,0.9230562944232654,0.0091460631325937,0.9797602433521362,0.0030651256431823,"{""class_weight"": ""balanced"", ""max_depth"": 20, ""max_features"": ""sqrt"", ""n_estimators"": 500}"
20260328_031334,2026-03-28T05:21:37,84439e9816e53920,BAAI/bge-m3,Sentence-level (contrastive),Multi-granular and multilingual contrastive embedding chosen for its robustness on heterogeneous short-text inputs.,extra_trees,0.9226981686664252,0.0105618912553412,0.9229038971676902,0.0105525452788044,0.923069280926334,0.0105634553044374,0.9255570062978924,0.0114841407270178,0.9217499838024132,0.0103492021656876,0.9808638496941582,0.0035612296318688,"{""class_weight"": ""balanced"", ""max_depth"": null, ""max_features"": ""sqrt"", ""n_estimators"": 500}"
20260328_031334,2026-03-28T05:24:08,84439e9816e53920,BAAI/bge-m3,Sentence-level (contrastive),Multi-granular and multilingual contrastive embedding chosen for its robustness on heterogeneous short-text inputs.,mlp,0.935884893036359,0.0058859726311616,0.9359755687651888,0.0058888475879131,0.9359799476995808,0.0058991048956626,0.936105862519688,0.0060413708728639,0.9359514359621224,0.005711176341248,0.9826202785023628,0.0027623209317597,"{""alpha"": 0.0001, ""hidden_layer_sizes"": [512], ""learning_rate_init"": 0.001}"
20260328_215318,2026-03-28T21:53:37,84439e9816e53920,BAAI/bge-m3,Sentence-level (contrastive),Multi-granular and multilingual contrastive embedding chosen for its robustness on heterogeneous short-text inputs.,knn,0.9364020838662276,0.0107591417187082,0.9364650690034274,0.010752101438963,0.936454990807459,0.0107464035141728,0.9365477629168912,0.0106070295650098,0.9368623125233322,0.010809999844463,0.9842727258942656,0.0046088323953147,"{""metric"": ""cosine"", ""n_neighbors"": 5, ""weights"": ""distance""}"
20260328_215318,2026-03-28T21:53:52,84439e9816e53920,intfloat/e5-large-v2,Sentence-level (contrastive),"Strong contrastive encoder frequently used as a robust text embedding baseline, especially for short query-like inputs.",logistic_regression,0.9444859111112476,0.0073222410478854,0.944569931832428,0.0073226141697136,0.944574117002204,0.0073348765405063,0.944652115931736,0.0076459026061025,0.9444467413630168,0.0071561461456636,0.9858342041898648,0.002751646723294,"{""C"": 0.01, ""class_weight"": null, ""solver"": ""lbfgs""}"
20260328_215318,2026-03-28T21:54:22,84439e9816e53920,intfloat/e5-large-v2,Sentence-level (contrastive),"Strong contrastive encoder frequently used as a robust text embedding baseline, especially for short query-like inputs.",linear_svc,0.9444699799127422,0.0082091198846566,0.9445623808428992,0.008203377613488,0.9445752589327516,0.0082081491174609,0.9447616284757104,0.0084093276005785,0.9443052844859474,0.0081339588956718,0.9854689939286108,0.0031178027361803,"{""estimator__C"": 0.001}"
20260328_215911,2026-03-28T22:06:40,84439e9816e53920,intfloat/e5-large-v2,Sentence-level (contrastive),"Strong contrastive encoder frequently used as a robust text embedding baseline, especially for short query-like inputs.",svm_rbf,0.9535301016131584,0.0063720681830913,0.9536197379829364,0.0063732893507182,0.953649039065444,0.0063852198149196,0.9543438428661644,0.0067480928795323,0.953115036637139,0.0061931269701629,0.9887607515432878,0.00174879079742,"{""C"": 10.0, ""class_weight"": null, ""gamma"": ""scale""}"
20260328_215911,2026-03-28T22:07:26,84439e9816e53920,intfloat/e5-large-v2,Sentence-level (contrastive),"Strong contrastive encoder frequently used as a robust text embedding baseline, especially for short query-like inputs.",sgd_classifier,0.9329879920253183,0.0090820193670568,0.9330906834514234,0.0090955819053092,0.9331057085108084,0.0091080605269185,0.9333614447470742,0.0090650542336156,0.9329282625659824,0.0087927725857872,0.943593279366479,0.014890036835051,"{""alpha"": 1e-05, ""class_weight"": null, ""penalty"": ""l1""}"
20260328_232450,2026-03-28T23:53:13,84439e9816e53920,intfloat/e5-large-v2,Sentence-level (contrastive),"Strong contrastive encoder frequently used as a robust text embedding baseline, especially for short query-like inputs.",random_forest,0.9322973225852051,0.0071404400044354,0.9324784472220268,0.0071103962564554,0.9326249557501912,0.0070656572230293,0.935051193577842,0.0066333303144631,0.9313641130820912,0.0072377518367424,0.9825040446901327,0.0029892662357474,"{""class_weight"": ""balanced"", ""max_depth"": null, ""max_features"": ""log2"", ""n_estimators"": 200}"
20260328_232450,2026-03-29T00:01:12,84439e9816e53920,intfloat/e5-large-v2,Sentence-level (contrastive),"Strong contrastive encoder frequently used as a robust text embedding baseline, especially for short query-like inputs.",extra_trees,0.933266914858062,0.0111382949213446,0.9334399683885556,0.0111212524006706,0.9335761838964954,0.0111171033161836,0.9359987550009972,0.0115538148022726,0.9323556082364048,0.0110233280328605,0.9829457701835964,0.0027709046448218,"{""class_weight"": ""balanced"", ""max_depth"": 20, ""max_features"": ""sqrt"", ""n_estimators"": 500}"
20260328_232450,2026-03-29T00:12:03,84439e9816e53920,intfloat/e5-large-v2,Sentence-level (contrastive),"Strong contrastive encoder frequently used as a robust text embedding baseline, especially for short query-like inputs.",mlp,0.950701575251409,0.00917218444496,0.9507794090682428,0.0091634143941886,0.9507850772516016,0.0091652732974044,0.9508411002659566,0.0092401922527407,0.950612483909743,0.0091349574976581,0.9871180925731756,0.0026404772042007,"{""alpha"": 0.0001, ""hidden_layer_sizes"": [512], ""learning_rate_init"": 0.001}"
20260328_232450,2026-03-29T00:12:33,84439e9816e53920,intfloat/e5-large-v2,Sentence-level (contrastive),"Strong contrastive encoder frequently used as a robust text embedding baseline, especially for short query-like inputs.",knn,0.9440307762648416,0.01022425765188,0.9441035585174788,0.0102212090828433,0.9440956481026824,0.0102278699954589,0.9439609222373694,0.0102801504205366,0.9441802451134358,0.010132037057335,0.9835230670473802,0.003389189565085,"{""metric"": ""cosine"", ""n_neighbors"": 5, ""weights"": ""distance""}"
20260328_232450,2026-03-29T00:16:00,84439e9816e53920,Alibaba-NLP/gte-Qwen2-7B-instruct,Instruction-tuned,Frontier instruction-tuned 7B embedding model included to evaluate whether state-of-the-art large-scale representations offer measurable gains.,logistic_regression,0.9454581832366872,0.0089289852185293,0.9455402071080826,0.0089226677375101,0.9455424741067248,0.008933966019002,0.9455855916208386,0.0091780011399596,0.945431148127209,0.0087342986451099,0.9857485287383738,0.0044682666857063,"{""C"": 0.01, ""class_weight"": ""balanced"", ""solver"": ""liblinear""}"
20260328_232450,2026-03-29T00:32:54,84439e9816e53920,Alibaba-NLP/gte-Qwen2-7B-instruct,Instruction-tuned,Frontier instruction-tuned 7B embedding model included to evaluate whether state-of-the-art large-scale representations offer measurable gains.,linear_svc,0.9468621467241988,0.0119092283131714,0.946958371881156,0.0118873988310805,0.9469778808052892,0.0118873717294681,0.9472949718325994,0.0120831405172031,0.9465808555575876,0.0118314080070584,0.9848865095261564,0.0055987889616263,"{""estimator__C"": 0.01}"
20260328_232450,2026-03-29T01:26:18,84439e9816e53920,Alibaba-NLP/gte-Qwen2-7B-instruct,Instruction-tuned,Frontier instruction-tuned 7B embedding model included to evaluate whether state-of-the-art large-scale representations offer measurable gains.,svm_rbf,0.9405737675717474,0.0101775649198845,0.9407035625656612,0.0101461439341004,0.9407634947642484,0.0101300049373307,0.9417891505774982,0.0102391550411204,0.9400059570008388,0.0101713483787864,0.9876782014914324,0.0045868579685656,"{""C"": 10.0, ""class_weight"": null, ""gamma"": ""scale""}"
20260328_232450,2026-03-29T01:26:45,84439e9816e53920,Alibaba-NLP/gte-Qwen2-7B-instruct,Instruction-tuned,Frontier instruction-tuned 7B embedding model included to evaluate whether state-of-the-art large-scale representations offer measurable gains.,sgd_classifier,0.9348942286324622,0.0160568677149863,0.935009200718549,0.0160056983400943,0.9350344292060158,0.0159715724882791,0.9352345396585776,0.0156202231145483,0.9347475809741528,0.0162513583443882,0.9573148488478016,0.0118481942928431,"{""alpha"": 0.0001, ""class_weight"": ""balanced"", ""penalty"": ""l1""}"
20260328_232450,2026-03-29T01:37:29,84439e9816e53920,Alibaba-NLP/gte-Qwen2-7B-instruct,Instruction-tuned,Frontier instruction-tuned 7B embedding model included to evaluate whether state-of-the-art large-scale representations offer measurable gains.,random_forest,0.9087206521750936,0.0127926439191773,0.9089840799836786,0.0127407646677397,0.9092267988260954,0.0126820363585293,0.91204023843717,0.0125350238645345,0.9077217081127984,0.0128072692237694,0.9768536132357972,0.0078248759588161,"{""class_weight"": ""balanced"", ""max_depth"": 20, ""max_features"": ""sqrt"", ""n_estimators"": 500}"
20260328_232450,2026-03-29T01:40:33,84439e9816e53920,Alibaba-NLP/gte-Qwen2-7B-instruct,Instruction-tuned,Frontier instruction-tuned 7B embedding model included to evaluate whether state-of-the-art large-scale representations offer measurable gains.,extra_trees,0.911056591227412,0.0140043791366316,0.9113288028910056,0.0139238257286218,0.9116191433237032,0.0137887862561833,0.9151104214915128,0.0127521066911057,0.9099870587367554,0.0141688992216198,0.9785065015044488,0.0084437404482098,"{""class_weight"": null, ""max_depth"": null, ""max_features"": ""sqrt"", ""n_estimators"": 500}"
20260328_232450,2026-03-29T01:54:47,84439e9816e53920,Alibaba-NLP/gte-Qwen2-7B-instruct,Instruction-tuned,Frontier instruction-tuned 7B embedding model included to evaluate whether state-of-the-art large-scale representations offer measurable gains.,mlp,0.9416081013511204,0.0112646530730589,0.9417061381424248,0.0112296625323677,0.9417227164243872,0.0112074799064128,0.94188662887276,0.0108987625589382,0.941509268200764,0.0114611231818826,0.9843944969060354,0.0061673291151953,"{""alpha"": 0.01, ""hidden_layer_sizes"": [256], ""learning_rate_init"": 0.001}"
20260328_232450,2026-03-29T01:55:15,84439e9816e53920,Alibaba-NLP/gte-Qwen2-7B-instruct,Instruction-tuned,Frontier instruction-tuned 7B embedding model included to evaluate whether state-of-the-art large-scale representations offer measurable gains.,knn,0.906803776071109,0.0097494232480996,0.906863725234763,0.0097301566966384,0.9068378801201312,0.0097353538033914,0.9071195728233686,0.0098064950080053,0.9075674165576142,0.0097793596620973,0.9686019716878695,0.0054603228435897,"{""metric"": ""cosine"", ""n_neighbors"": 15, ""weights"": ""distance""}"
20260328_232450,2026-03-29T01:55:36,84439e9816e53920,jinaai/jina-embeddings-v3,Sentence-level (contrastive),Modern multitask embedding model included as a practical high-performing sentence representation candidate.,logistic_regression,0.9296498037425815,0.0074837105491259,0.9297485797338416,0.0074970400804215,0.9297632777974444,0.0075116340727748,0.930123153851154,0.0075339921952183,0.9297190182523244,0.0071774862335696,0.9795675897928124,0.0032374186544116,"{""C"": 0.01, ""class_weight"": ""balanced"", ""solver"": ""lbfgs""}"
20260328_232450,2026-03-29T01:56:11,84439e9816e53920,jinaai/jina-embeddings-v3,Sentence-level (contrastive),Modern multitask embedding model included as a practical high-performing sentence representation candidate.,linear_svc,0.9281422685626326,0.0103566605057948,0.9282742266633311,0.0103669188111318,0.928326729168332,0.0104071831329322,0.92926645210098,0.0111691481509897,0.9278264785881042,0.0100493763969438,0.9795383794694816,0.0028112973074124,"{""estimator__C"": 0.001}"
20260328_232450,2026-03-29T02:01:14,84439e9816e53920,jinaai/jina-embeddings-v3,Sentence-level (contrastive),Modern multitask embedding model included as a practical high-performing sentence representation candidate.,svm_rbf,0.9491786170857296,0.0065906163392397,0.9492879662830892,0.0065626104599484,0.9493508124835848,0.0065106931590791,0.9506740946722732,0.0055247602843576,0.9486578459120688,0.0069091510225568,0.9868182839930296,0.0027074680962478,"{""C"": 50.0, ""class_weight"": null, ""gamma"": ""scale""}"
20260328_232450,2026-03-29T02:01:31,84439e9816e53920,jinaai/jina-embeddings-v3,Sentence-level (contrastive),Modern multitask embedding model included as a practical high-performing sentence representation candidate.,sgd_classifier,0.9090514271465434,0.0052952294374971,0.9091783945864318,0.005303842849845,0.9092165214511652,0.0053127734267718,0.9098792716407128,0.0053411696506495,0.9091735016047215,0.0051148210147173,0.9305393804429652,0.0180540847926711,"{""alpha"": 0.0001, ""class_weight"": ""balanced"", ""penalty"": ""l1""}"
20260328_232450,2026-03-29T02:07:47,84439e9816e53920,jinaai/jina-embeddings-v3,Sentence-level (contrastive),Modern multitask embedding model included as a practical high-performing sentence representation candidate.,random_forest,0.9221891364514444,0.0096207269834647,0.9224017048002168,0.0095915358383017,0.9225919539573604,0.0095657113911349,0.9253940613650988,0.0096576972507084,0.9212531891169468,0.0096351554205937,0.9798520465114432,0.0040284698678606,"{""class_weight"": null, ""max_depth"": null, ""max_features"": ""sqrt"", ""n_estimators"": 500}"
20260328_232450,2026-03-29T02:09:44,84439e9816e53920,jinaai/jina-embeddings-v3,Sentence-level (contrastive),Modern multitask embedding model included as a practical high-performing sentence representation candidate.,extra_trees,0.9246058241628414,0.008210318324257,0.924809973362432,0.008180748589445,0.9249808726633246,0.0081489863325965,0.9275146529138436,0.0080948186445145,0.9236716132100694,0.0082521202859445,0.9813494773068774,0.0023769567841547,"{""class_weight"": null, ""max_depth"": null, ""max_features"": ""sqrt"", ""n_estimators"": 500}"
20260328_232450,2026-03-29T02:14:02,84439e9816e53920,jinaai/jina-embeddings-v3,Sentence-level (contrastive),Modern multitask embedding model included as a practical high-performing sentence representation candidate.,mlp,0.929182707700578,0.0081352150279871,0.929282717678218,0.008126216725913,0.9292836669673752,0.0081267319692233,0.9292848679783002,0.0081459695040428,0.9292638126971642,0.0081672651659381,0.982098410800095,0.0030640333625174,"{""alpha"": 0.0001, ""hidden_layer_sizes"": [256, 128], ""learning_rate_init"": 0.0001}"
20260328_232450,2026-03-29T02:14:12,84439e9816e53920,jinaai/jina-embeddings-v3,Sentence-level (contrastive),Modern multitask embedding model included as a practical high-performing sentence representation candidate.,knn,0.9468984334155456,0.0073306395479169,0.9469692510629184,0.0073247575143821,0.946964177638716,0.0073276299646219,0.9468807460749736,0.0073391857559754,0.9470440033501384,0.0072979102183881,0.9852744056763284,0.0036870735302406,"{""metric"": ""cosine"", ""n_neighbors"": 9, ""weights"": ""distance""}"
20260328_232450,2026-03-29T02:15:46,84439e9816e53920,meta-llama/Meta-Llama-3.1-8B-Instruct,Instruction-tuned,Instruction-tuned generative LLM reused as a feature extractor to test whether a general-purpose model can compete as a phishing representation model.,logistic_regression,0.9502526839192904,0.0111919873139174,0.9503234028372372,0.0111864660213885,0.950322595379749,0.0111952215220816,0.9503351627836276,0.0113403311622738,0.9502782653887806,0.0109936432726211,0.9883671258696848,0.0030280578429876,"{""C"": 0.1, ""class_weight"": null, ""solver"": ""liblinear""}"
20260328_232450,2026-03-29T02:22:11,84439e9816e53920,meta-llama/Meta-Llama-3.1-8B-Instruct,Instruction-tuned,Instruction-tuned generative LLM reused as a feature extractor to test whether a general-purpose model can compete as a phishing representation model.,linear_svc,0.9449297187574256,0.0105420720367797,0.945035389678072,0.0105231169831846,0.945065147137751,0.0105243429313429,0.9455720150673677,0.0107302847823099,0.9445565857944808,0.0104666013598695,0.9872008352675524,0.0031671873283526,"{""estimator__C"": 0.001}"
20260328_232450,2026-03-29T02:45:01,84439e9816e53920,meta-llama/Meta-Llama-3.1-8B-Instruct,Instruction-tuned,Instruction-tuned generative LLM reused as a feature extractor to test whether a general-purpose model can compete as a phishing representation model.,svm_rbf,0.9444308491241408,0.0062897295615445,0.944542284347868,0.0062684816601606,0.9445821105160384,0.0062574001360576,0.9452686432766808,0.0062356797683308,0.944006546026336,0.0063282784365407,0.9897223234118008,0.0019949282968271,"{""C"": 10.0, ""class_weight"": null, ""gamma"": ""scale""}"
20260328_232450,2026-03-29T02:45:33,84439e9816e53920,meta-llama/Meta-Llama-3.1-8B-Instruct,Instruction-tuned,Instruction-tuned generative LLM reused as a feature extractor to test whether a general-purpose model can compete as a phishing representation model.,sgd_classifier,0.9362910379172928,0.0137516094278223,0.9364162263231914,0.0137125414094305,0.9364629843212936,0.0136892812758936,0.9371655317175378,0.0136708307348415,0.9359220057210555,0.0137710077457032,0.9578303081139318,0.018412551156407,"{""alpha"": 1e-05, ""class_weight"": ""balanced"", ""penalty"": ""elasticnet""}"
20260328_232450,2026-03-29T02:56:20,84439e9816e53920,meta-llama/Meta-Llama-3.1-8B-Instruct,Instruction-tuned,Instruction-tuned generative LLM reused as a feature extractor to test whether a general-purpose model can compete as a phishing representation model.,random_forest,0.922799208300224,0.0045681868717481,0.9229793331819184,0.0045588976324211,0.923080700231812,0.0045698633800213,0.9243894739459048,0.0049173397323113,0.9221298653464322,0.0044907995372593,0.9790692957723672,0.004068693368398,"{""class_weight"": null, ""max_depth"": null, ""max_features"": ""sqrt"", ""n_estimators"": 200}"
20260328_232450,2026-03-29T02:59:35,84439e9816e53920,meta-llama/Meta-Llama-3.1-8B-Instruct,Instruction-tuned,Instruction-tuned generative LLM reused as a feature extractor to test whether a general-purpose model can compete as a phishing representation model.,extra_trees,0.9179976484756848,0.0110480874649482,0.9181877143168756,0.0110144011220381,0.9183062886115266,0.0109814937255369,0.919768311221436,0.0109503391083274,0.9173723757038026,0.0110525239899871,0.9799732848058194,0.0036829588525364,"{""class_weight"": null, ""max_depth"": 20, ""max_features"": ""sqrt"", ""n_estimators"": 200}"
20260328_232450,2026-03-29T03:13:01,84439e9816e53920,meta-llama/Meta-Llama-3.1-8B-Instruct,Instruction-tuned,Instruction-tuned generative LLM reused as a feature extractor to test whether a general-purpose model can compete as a phishing representation model.,mlp,0.929182561704779,0.007836582893335,0.929284229683014,0.0078120713968472,0.929288234689566,0.007791923241862,0.92930563771068,0.0076139481500283,0.9292680404906786,0.0080778260615104,0.9830268491253312,0.0035529936414843,"{""alpha"": 0.01, ""hidden_layer_sizes"": [256, 128], ""learning_rate_init"": 0.001}"
20260328_232450,2026-03-29T03:13:31,84439e9816e53920,meta-llama/Meta-Llama-3.1-8B-Instruct,Instruction-tuned,Instruction-tuned generative LLM reused as a feature extractor to test whether a general-purpose model can compete as a phishing representation model.,knn,0.9135082047992474,0.0087019957507807,0.9135474880125076,0.0086937699605645,0.913523883477407,0.0086977369393039,0.9139965019590692,0.0087813281619085,0.9144465414169768,0.0087684224442174,0.9731471128467646,0.0071062767143938,"{""metric"": ""cosine"", ""n_neighbors"": 9, ""weights"": ""distance""}"
20260328_232450,2026-03-29T03:13:51,84439e9816e53920,BAAI/bge-large-en-v1.5,Sentence-level (contrastive),English-focused contrastive encoder included to measure whether a strong English-only model outperforms multilingual alternatives.,logistic_regression,0.9363377220193017,0.0117998004994522,0.936438175492846,0.011782954073319,0.936450423085268,0.0117758679726282,0.93657578302796,0.0117009719563488,0.9362690437174862,0.0118326328258321,0.9819045102072474,0.0051045447154875,"{""C"": 0.01, ""class_weight"": null, ""solver"": ""liblinear""}"
20260328_232450,2026-03-29T03:14:25,84439e9816e53920,BAAI/bge-large-en-v1.5,Sentence-level (contrastive),English-focused contrastive encoder included to measure whether a strong English-only model outperforms multilingual alternatives.,linear_svc,0.9310104066225235,0.0102431438724422,0.9311433641434071,0.0102257449738228,0.9311941167738178,0.0102079255837656,0.931895706285322,0.0101360039264646,0.9306528361277392,0.0102515355388513,0.9803201734831054,0.0044895592255738,"{""estimator__C"": 0.01}"
20260328_232450,2026-03-29T03:18:39,84439e9816e53920,BAAI/bge-large-en-v1.5,Sentence-level (contrastive),English-focused contrastive encoder included to measure whether a strong English-only model outperforms multilingual alternatives.,svm_rbf,0.951592905369076,0.006696510046974,0.9516911873380955,0.0066971846649501,0.9517374473284536,0.0067012950534557,0.9528920880085068,0.0069803315361124,0.9510911159101354,0.0064953856997492,0.9873865139359652,0.0041521432854244,"{""C"": 50.0, ""class_weight"": null, ""gamma"": ""scale""}"
20260328_232450,2026-03-29T03:18:56,84439e9816e53920,BAAI/bge-large-en-v1.5,Sentence-level (contrastive),English-focused contrastive encoder included to measure whether a strong English-only model outperforms multilingual alternatives.,sgd_classifier,0.9200684800884924,0.0112262601769266,0.92018928106545,0.0112199341766658,0.9202007513903006,0.0112290266615445,0.9203350870786562,0.0114096085538401,0.9200449728437312,0.0111063776370569,0.9386433207829656,0.0143242556649613,"{""alpha"": 1e-05, ""class_weight"": null, ""penalty"": ""l1""}"
20260328_232450,2026-03-29T03:25:23,84439e9816e53920,BAAI/bge-large-en-v1.5,Sentence-level (contrastive),English-focused contrastive encoder included to measure whether a strong English-only model outperforms multilingual alternatives.,random_forest,0.9322907177667862,0.0060617290347879,0.9324747525495748,0.0060348394679656,0.9326272396112868,0.0059885111291287,0.9351586537071184,0.005380748104485,0.9313210884470958,0.0061837471635116,0.9809573024447378,0.0050941558552247,"{""class_weight"": ""balanced"", ""max_depth"": 10, ""max_features"": ""sqrt"", ""n_estimators"": 200}"
20260328_232450,2026-03-29T03:27:16,84439e9816e53920,BAAI/bge-large-en-v1.5,Sentence-level (contrastive),English-focused contrastive encoder included to measure whether a strong English-only model outperforms multilingual alternatives.,extra_trees,0.9260385866745532,0.0079449222495207,0.9262409642475652,0.0079417732333542,0.926417421292437,0.0079398830900253,0.9291926156144686,0.0083447742383731,0.9250445793138552,0.007833191184499,0.9818991105604198,0.0050410532820331,"{""class_weight"": ""balanced"", ""max_depth"": 10, ""max_features"": ""sqrt"", ""n_estimators"": 500}"
20260328_232450,2026-03-29T03:30:35,84439e9816e53920,BAAI/bge-large-en-v1.5,Sentence-level (contrastive),English-focused contrastive encoder included to measure whether a strong English-only model outperforms multilingual alternatives.,mlp,0.9406243664109653,0.0121022842872272,0.9407246757551152,0.0120896349714178,0.9407429400143884,0.0120936810108189,0.9410363922613614,0.0122642227131907,0.9404331199208724,0.0119890109503799,0.9825035557063796,0.0051432898930336,"{""alpha"": 0.0001, ""hidden_layer_sizes"": [256, 128], ""learning_rate_init"": 0.001}"
20260328_232450,2026-03-29T03:30:42,84439e9816e53920,BAAI/bge-large-en-v1.5,Sentence-level (contrastive),English-focused contrastive encoder included to measure whether a strong English-only model outperforms multilingual alternatives.,knn,0.945467622870557,0.0053300500887052,0.9455332866476788,0.0053495189155734,0.9455299128706992,0.0053543429580396,0.9456082009236866,0.0050554336649476,0.945704539505871,0.0049318942756947,0.9798167109793616,0.0053410198574544,"{""metric"": ""cosine"", ""n_neighbors"": 5, ""weights"": ""distance""}"
20260328_232450,2026-03-29T03:30:57,84439e9816e53920,thenlper/gte-large,Sentence-level (contrastive),Mid-sized contrastive embedding model selected to study the quality-efficiency trade-off relative to both smaller and larger alternatives.,logistic_regression,0.9382496298934888,0.0069892731501517,0.938346166525964,0.0069888330280689,0.938364298683354,0.0069977444337345,0.9387385526718932,0.0071025569266148,0.9381896063366948,0.006851244349517,0.9824692150104942,0.0038741095946589,"{""C"": 0.01, ""class_weight"": ""balanced"", ""solver"": ""liblinear""}"
20260328_232450,2026-03-29T03:31:23,84439e9816e53920,thenlper/gte-large,Sentence-level (contrastive),Mid-sized contrastive embedding model selected to study the quality-efficiency trade-off relative to both smaller and larger alternatives.,linear_svc,0.9387048384303908,0.0073679942518646,0.9388123405780608,0.0073527190583169,0.9388427675828754,0.0073416662514234,0.9393401464354428,0.0072060415077207,0.9385019391902344,0.0074407782015256,0.981883801911907,0.0039110563853586,"{""estimator__C"": 0.001}"
20260328_232450,2026-03-29T03:35:50,84439e9816e53920,thenlper/gte-large,Sentence-level (contrastive),Mid-sized contrastive embedding model selected to study the quality-efficiency trade-off relative to both smaller and larger alternatives.,svm_rbf,0.9520854695513368,0.0055298559769481,0.9521789647441274,0.0055159740239699,0.9522159162279752,0.0054990210643242,0.953046497768885,0.0052131187372165,0.9516993949344612,0.0055641252928635,0.9875630497744248,0.0036974251295273,"{""C"": 10.0, ""class_weight"": null, ""gamma"": ""scale""}"
20260328_232450,2026-03-29T03:36:02,84439e9816e53920,thenlper/gte-large,Sentence-level (contrastive),Mid-sized contrastive embedding model selected to study the quality-efficiency trade-off relative to both smaller and larger alternatives.,sgd_classifier,0.9209544137493696,0.0067061687258024,0.9210993969394966,0.0066768325082457,0.9211611149809869,0.0066412456056337,0.9219876728254472,0.0063001197809923,0.9207239307417988,0.0068334742354058,0.9518430571324225,0.0172316514817606,"{""alpha"": 1e-05, ""class_weight"": null, ""penalty"": ""l2""}"
20260328_232450,2026-03-29T03:42:32,84439e9816e53920,thenlper/gte-large,Sentence-level (contrastive),Mid-sized contrastive embedding model selected to study the quality-efficiency trade-off relative to both smaller and larger alternatives.,random_forest,0.935154299341089,0.0040672010945957,0.9353335320622352,0.0040617135527937,0.9354957691473204,0.0040553450783422,0.9385330560388574,0.0045581688301736,0.9341297881128228,0.0040664384288823,0.9822078866194456,0.0032193828796223,"{""class_weight"": null, ""max_depth"": 10, ""max_features"": ""sqrt"", ""n_estimators"": 200}"
20260328_232450,2026-03-29T03:44:25,84439e9816e53920,thenlper/gte-large,Sentence-level (contrastive),Mid-sized contrastive embedding model selected to study the quality-efficiency trade-off relative to both smaller and larger alternatives.,extra_trees,0.9356847986160908,0.0040517804600008,0.9358487079743482,0.004070054032465,0.9359765219079376,0.0041153034974493,0.9384091067883918,0.0055695513601993,0.9348033264756694,0.0037835462291601,0.9834168525080867,0.0039505108001466,"{""class_weight"": null, ""max_depth"": null, ""max_features"": ""sqrt"", ""n_estimators"": 500}"
20260328_232450,2026-03-29T03:47:41,84439e9816e53920,thenlper/gte-large,Sentence-level (contrastive),Mid-sized contrastive embedding model selected to study the quality-efficiency trade-off relative to both smaller and larger alternatives.,mlp,0.9401263477309048,0.0045430925680499,0.9402354866979918,0.0045440393830599,0.9402747484897968,0.004561286590118,0.941063335859246,0.0051009989397453,0.939851274446082,0.0043787183141698,0.9844323013062576,0.0036861520502318,"{""alpha"": 0.001, ""hidden_layer_sizes"": [256, 128], ""learning_rate_init"": 0.0001}"
20260328_232450,2026-03-29T03:47:49,84439e9816e53920,thenlper/gte-large,Sentence-level (contrastive),Mid-sized contrastive embedding model selected to study the quality-efficiency trade-off relative to both smaller and larger alternatives.,knn,0.9483245700796517,0.0053475561528436,0.9483943173326018,0.0053631480982773,0.9483995843372808,0.005368598685552,0.9486363329935767,0.005172385494373,0.948431417695122,0.0049931750635489,0.9776421810697132,0.0031192177630835,"{""metric"": ""cosine"", ""n_neighbors"": 3, ""weights"": ""distance""}"
20260328_232450,2026-03-29T03:48:50,84439e9816e53920,Salesforce/SFR-Embedding-2_R,Instruction-tuned,Second-generation SFR embedding model included to measure within-family improvements under identical evaluation conditions.,logistic_regression,0.9545280209585704,0.0065446416786479,0.954605090183558,0.006537903623007,0.9546173961699648,0.0065405995832816,0.954858494131932,0.0066222752560006,0.954344607422299,0.0064839651244874,0.98914168321532,0.0028687552230441,"{""C"": 0.01, ""class_weight"": null, ""solver"": ""liblinear""}"
20260328_232450,2026-03-29T03:52:46,84439e9816e53920,Salesforce/SFR-Embedding-2_R,Instruction-tuned,Second-generation SFR embedding model included to measure within-family improvements under identical evaluation conditions.,linear_svc,0.9540412470243206,0.0074144563762574,0.9541219673873386,0.0074112217671118,0.9541400692009911,0.0074194321928115,0.9545691634371248,0.0076016517394817,0.953784996651034,0.0072183007245358,0.9878209041524932,0.0038649513272338,"{""estimator__C"": 0.001}"
20260328_232450,2026-03-29T04:08:54,84439e9816e53920,Salesforce/SFR-Embedding-2_R,Instruction-tuned,Second-generation SFR embedding model included to measure within-family improvements under identical evaluation conditions.,svm_rbf,0.952649537729817,0.0130695975349612,0.952712671495932,0.0130668850183921,0.9527115140857132,0.0130759536627214,0.95277013963161,0.0130464965143988,0.9527404121891048,0.0128167268104924,0.9915423849794788,0.0029233366991518,"{""C"": 10.0, ""class_weight"": null, ""gamma"": ""scale""}"
20260328_232450,2026-03-29T04:09:41,84439e9816e53920,Salesforce/SFR-Embedding-2_R,Instruction-tuned,Second-generation SFR embedding model included to measure within-family improvements under identical evaluation conditions.,sgd_classifier,0.9445042850795548,0.0084775119721965,0.9445765783738715,0.008468622405586,0.9445752589327516,0.0084708854460865,0.9446483578446166,0.008491638965736,0.9446756436544896,0.0084094991145802,0.956335169169521,0.0116000323127887,"{""alpha"": 0.001, ""class_weight"": ""balanced"", ""penalty"": ""l2""}"
20260328_232450,2026-03-29T04:20:22,84439e9816e53920,Salesforce/SFR-Embedding-2_R,Instruction-tuned,Second-generation SFR embedding model included to measure within-family improvements under identical evaluation conditions.,random_forest,0.9334355859167236,0.0136195624630895,0.9335599228545034,0.0135887435590123,0.9336001644379988,0.0135717028872644,0.9341303797271816,0.0134084200915935,0.9331580075630584,0.0137197545588645,0.980693871819236,0.0074718692392475,"{""class_weight"": ""balanced"", ""max_depth"": null, ""max_features"": ""sqrt"", ""n_estimators"": 500}"
20260328_232450,2026-03-29T04:23:27,84439e9816e53920,Salesforce/SFR-Embedding-2_R,Instruction-tuned,Second-generation SFR embedding model included to measure within-family improvements under identical evaluation conditions.,extra_trees,0.9343820898732856,0.0145889401098174,0.9345101604630534,0.0145636240196482,0.9345582441675898,0.0145536392148741,0.9352690578127744,0.0145547636697153,0.9340041867630294,0.014563680142842,0.98126594417901,0.0069912576038954,"{""class_weight"": null, ""max_depth"": null, ""max_features"": ""sqrt"", ""n_estimators"": 500}"
20260328_232450,2026-03-29T04:39:07,84439e9816e53920,Salesforce/SFR-Embedding-2_R,Instruction-tuned,Second-generation SFR embedding model included to measure within-family improvements under identical evaluation conditions.,mlp,0.9468873994932392,0.0139873254926644,0.9469694061517748,0.0139802851543874,0.9469813065969328,0.0139910318669212,0.9473139314389992,0.0141251330114277,0.9467906841506014,0.0137055628530721,0.9856710290827396,0.0038736555149155,"{""alpha"": 0.0001, ""hidden_layer_sizes"": [256, 128], ""learning_rate_init"": 0.0001}"
20260328_232450,2026-03-29T04:39:38,84439e9816e53920,Salesforce/SFR-Embedding-2_R,Instruction-tuned,Second-generation SFR embedding model included to measure within-family improvements under identical evaluation conditions.,knn,0.9415188984746994,0.0104261516763681,0.9416490373649626,0.0104047869122213,0.9417158648411004,0.0103870802326262,0.9428971299706,0.0103460605963231,0.9408951411556667,0.0104092318608346,0.971389500106432,0.0100370428173657,"{""metric"": ""euclidean"", ""n_neighbors"": 3, ""weights"": ""distance""}"
20260329_085226,2026-03-29T08:53:37,84439e9816e53920,Salesforce/SFR-Embedding-Mistral,Instruction-tuned,Enterprise-grade Mistral-based embedding model included as a strong industrial instruction-tuned representation baseline.,logistic_regression,0.957894859310318,0.0053383797276372,0.9579562815472464,0.0053327424461495,0.957958684952781,0.0053361553094639,0.958052520415541,0.0053566626565973,0.9579344313521824,0.0052655682470626,0.9906540526934932,0.0027746520589788,"{""C"": 0.01, ""class_weight"": null, ""solver"": ""lbfgs""}"
20260329_100739,2026-03-29T10:08:06,84439e9816e53920,sentence-transformers/all-mpnet-base-v2,Sentence-level (contrastive),Strong contrastive sentence embedding baseline with excellent general-purpose semantic performance on short texts.,logistic_regression,0.9291624742466377,0.010438975565238115,0.9292771085955162,0.010447605381329089,0.9292973701339484,0.010472072205055956,0.9296374295492947,0.01088146376938954,0.92901795060399,0.01011914421534873,0.9791976792064696,0.0032189612043542495,"{""C"": 0.01, ""class_weight"": null, ""solver"": ""lbfgs""}"
